Core Classification,Record Validity,TCO Closing Stage,Real Property Disposition,Total Floor Area Eliminated/Repurposed,Total De-commissioned Physical Servers,Total Servers Moved to Other Data Center,Overall FTE Reduction,Gross Floor Area (SqFt),Floor Area Classification*,Annual Cost per SqFt,TCO Electricity Included In Cost,TCO Ownership Type,TCO Providing Services,% of Services paid by Other Agencies,List of Agencies Serviced,Provider Name (Contractor),TCO Data Center Tier,FTE,FTE Cost,TCO Electricity Is Metered,Total Power Capacity (kW),Average Electricity Usage (kWh),Total I.T. Power Capacity (kW),Average I.T. Electricity Usage (kWh),Cost per kWh,Watts Per Sq.Ft.*,PUE*,Rack Count,Sq. Ft. per Rack*,Total IBM Mainframes,Total Other Mainframes,Total Windows Servers,Total Unix Servers,Total Linux Servers,Total HPC Cluster Nodes,Other Servers,Total Server Count*,Total Virtual Hosts,Total Virtual OS,Total OS Count*,Total Storage (TB),Used Storage (TB),Storage Utilization*,Comments,Quarter,Year,Data Center Inventory Id,Created By
Non-Core,,,,,0,,,2240,< 5000 sq.ft.,12,No,6: Outsourcing to Contractor,No,,,CGI,4: Tier IV,3,71250,No,,21720.87,0,15432.89,0.12,0,0,9,248.89,0,0,1,1,42,0,0,47,3,19,63,196,196,100,,1,2014,FDCCI-DC-586,Sue Jane 
Non-Core,Added Facility,,,,1,,,336,< 500 sq.ft.,,No,5b: Government Collocation,No,,,,,2.2,46750,No,,11001.62,,6621.91,0.12,0,0,12,28,0,0,5,0,4,0,0,14,5,56,66,70,61,87.14285714,,1,2014,FDCCI-DC-5959,Sue Jane 
Non-Core,,,,,0,,,1850,< 5000 sq.ft.,12,No,6: Outsourcing to Contractor,No,,,Lockheed Martin,3: Tier III,4.5,101250,No,,5228.9,0,2752.9,0.12,0,0,1,1850,1,0,0,1,0,0,0,2,0,0,1,0,0,0,,1,2014,FDCCI-DC-1828,Sue Jane 
Non-Core,Added Facility,,,,2,,,672,< 5000 sq.ft.,,No,5b: Government Collocation,No,,,,,3.1,58125,No,,15077.8,,12462.98,0.1,0,0,24,28,0,0,6,0,4,0,5,22,7,69,86,70,40,57.14285714,,1,2014,FDCCI-DC-5960,Sue Jane 
Non-Core,,,,,2,,,2240,< 5000 sq.ft.,12,No,6: Outsourcing to Contractor,No,,,CGI,4: Tier IV,4.5,106875,No,,19970.87,0,15839.9,0.12,0,0,9,248.89,0,0,1,1,40,0,0,45,3,20,64,196,196,100,,1,2015,FDCCI-DC-586,Sue Jane 
Non-Core,Added Facility,,,,2,,,336,< 500 sq.ft.,,No,5b: Government Collocation,No,,,,,1.8,38250,No,,9251.62,,9937.98,0.12,0,0,12,28,0,0,6,1,4,0,2,19,6,56,70,70,50,71.42857143,,1,2015,FDCCI-DC-5959,Sue Jane 
Non-Core,,,,,0,,,1850,< 5000 sq.ft.,12,No,6: Outsourcing to Contractor,No,,,Lockheed Martin,3: Tier III,5.2,117000,No,,3478.9,0,2855.6,0.12,0,0,1,1850,1,0,1,0,0,0,0,2,0,1,3,0,0,0,,1,2015,FDCCI-DC-1828,Sue Jane 
Non-Core,Added Facility,,,,1,,,672,< 5000 sq.ft.,,No,5b: Government Collocation,No,,,,,3,56250,No,,13327.8,,9732.87,0.1,0,0,24,28,0,0,4,0,5,0,5,22,8,64,83,70,34,48.57142857,,1,2015,FDCCI-DC-5960,Sue Jane 
Non-Core,,,,,2,,,2240,< 5000 sq.ft.,12,No,6: Outsourcing to Contractor,No,,,CGI,4: Tier IV,4,95000,No,,21570.87,0,20874.6,0.12,0,0,9,248.89,0,0,2,1,41,1,0,48,3,24,67,196,191,97.44897959,,2,2014,FDCCI-DC-586,Sue Jane 
Non-Core,Added Facility,,,,0,,,336,< 500 sq.ft.,,No,5b: Government Collocation,No,,,,,4,85000,No,,10851.62,,9768.4,0.12,0,0,12,28,0,0,5,0,5,0,2,18,6,52,68,70,41,58.57142857,,2,2014,FDCCI-DC-5959,Sue Jane 
Non-Core,,,,,1,,,1850,< 5000 sq.ft.,12,No,6: Outsourcing to Contractor,No,,,Lockheed Martin,3: Tier III,6,135000,No,,5078.9,0,2894.8,0.12,0,0,1,1850,1,0,1,0,0,0,0,2,0,4,5,0,0,0,,2,2014,FDCCI-DC-1828,Sue Jane 
Non-Core,Added Facility,,,,0,,,672,< 5000 sq.ft.,,No,5b: Government Collocation,No,,,,,3,56250,No,,14927.8,,9064.8,0.1,0,0,24,28,0,0,6,0,4,0,5,23,8,69,90,70,31,44.28571429,,2,2014,FDCCI-DC-5960,Sue Jane 
Non-Core,,,,,2,,,2240,< 5000 sq.ft.,12,No,6: Outsourcing to Contractor,No,,,CGI,4: Tier IV,4,95000,No,,19720.87,0,14219.02,0.12,0,0,9,248.89,0,0,0,1,41,0,0,45,3,19,63,196,196,100,,2,2015,FDCCI-DC-586,Sue Jane 
Non-Core,Added Facility,,,,2,,,336,< 500 sq.ft.,,No,5b: Government Collocation,No,,,,,2,42500,No,,9001.62,,6929.09,0.12,0,0,12,28,0,0,6,0,4,0,0,15,5,58,66,70,59,84,,2,2015,FDCCI-DC-5959,Sue Jane 
Non-Core,,,,,1,,,1850,< 5000 sq.ft.,12,No,6: Outsourcing to Contractor,No,,,Lockheed Martin,3: Tier III,3,67500,No,,3228.9,0,2658.02,0.12,0,0,1,1850,1,0,0,0,0,0,0,1,0,0,1,0,0,0,,2,2015,FDCCI-DC-1828,Sue Jane 
Non-Core,Added Facility,,,,1,,,672,< 5000 sq.ft.,,No,5b: Government Collocation,No,,,,,5,93750,No,,13077.8,,12543.96,0.1,0,0,24,28,0,0,7,0,4,0,6,24,7,68,85,70,36,51,,2,2015,FDCCI-DC-5960,Sue Jane 
Non-Core,,,,,2,,,2240,< 5000 sq.ft.,12,No,6: Outsourcing to Contractor,No,,,CGI,4: Tier IV,5,118750,No,,20970.87,0,18647.6,0.12,0,0,9,248.89,0,0,2,0,41,0,0,46,3,22,67,196,191,97.44897959,,3,2014,FDCCI-DC-586,Sue Jane 
Non-Core,Added Facility,,,,0,,,336,< 500 sq.ft.,,No,5b: Government Collocation,No,,,,,3,63750,No,,10251.62,,10743.9,0.12,0,0,12,28,0,0,5,0,6,0,2,19,6,54,70,70,41,58.57142857,,3,2014,FDCCI-DC-5959,Sue Jane 
Non-Core,,,,,0,,,1850,< 5000 sq.ft.,12,No,6: Outsourcing to Contractor,No,,,Lockheed Martin,3: Tier III,5,112500,No,,4478.9,0,2847.9,0.12,0,0,1,1850,1,0,1,0,0,0,0,2,0,3,5,0,0,0,,3,2014,FDCCI-DC-1828,Sue Jane 
Non-Core,Added Facility,,,,0,,,672,< 5000 sq.ft.,,No,5b: Government Collocation,No,,,,,3,56250,No,,14327.8,,11893.7,0.1,0,0,24,28,0,0,6,0,6,0,5,25,8,60,80,70,31,44.28571429,,3,2014,FDCCI-DC-5960,Sue Jane 
Non-Core,,,,,0,,,2240,< 5000 sq.ft.,12,No,6: Outsourcing to Contractor,No,,,CGI,4: Tier IV,3,71250,No,,19620.87,0,15432.89,0.12,0,0,9,248.89,0,0,1,1,42,0,0,47,3,19,63,196,196,100,,3,2015,FDCCI-DC-586,Sue Jane 
Non-Core,Added Facility,,,,1,,,336,< 500 sq.ft.,,No,5b: Government Collocation,No,,,,,2.2,46750,No,,8901.62,,6621.91,0.12,0,0,12,28,0,0,5,0,4,0,0,14,5,56,66,70,61,87.14285714,,3,2015,FDCCI-DC-5959,Sue Jane 
Non-Core,,,,,0,,,1850,< 5000 sq.ft.,12,No,6: Outsourcing to Contractor,No,,,Lockheed Martin,3: Tier III,4.5,101250,No,,3128.9,0,2752.9,0.12,0,0,1,1850,1,0,0,1,0,0,0,2,0,0,1,0,0,0,,3,2015,FDCCI-DC-1828,Sue Jane 
Non-Core,Added Facility,,,,2,,,672,< 5000 sq.ft.,,No,5b: Government Collocation,No,,,,,3.1,58125,No,,12977.8,,12462.98,0.1,0,0,24,28,0,0,6,0,4,0,5,22,7,69,86,70,40,57.14285714,,3,2015,FDCCI-DC-5960,Sue Jane 
Non-Core,,,,,1,,,2240,< 5000 sq.ft.,12,No,6: Outsourcing to Contractor,No,,,CGI,4: Tier IV,4.5,106875,No,,20470.87,0,17997.8,0.12,0,0,9,248.89,0,0,3,0,40,0,0,46,3,20,67,196,194,98.97959184,,4,2014,FDCCI-DC-586,Sue Jane 
Non-Core,Added Facility,,,,0,,,336,< 500 sq.ft.,,No,5b: Government Collocation,No,,,,,2.6,55250,No,,9751.62,,11342.8,0.12,0,0,12,28,0,0,5,1,6,0,2,20,6,56,71,70,42,60,,4,2014,FDCCI-DC-5959,Sue Jane 
Non-Core,,,,,0,,,1850,< 5000 sq.ft.,12,No,6: Outsourcing to Contractor,No,,,Lockheed Martin,3: Tier III,5.3,119250,No,,3978.9,0,2856.8,0.12,0,0,1,1850,1,0,1,0,0,0,0,2,0,2,3,0,0,0,,4,2014,FDCCI-DC-1828,Sue Jane 
Non-Core,Added Facility,,,,2,,,672,< 5000 sq.ft.,,No,5b: Government Collocation,No,,,,,3.7,69375,No,,13827.8,,9848.02,0.1,0,0,24,28,0,0,4,0,6,0,5,23,8,55,77,70,33,47.14285714,,4,2014,FDCCI-DC-5960,Sue Jane 
Non-Core,,,,,1,0,,180,< 250 sq.ft.,42,No,6: Outsourcing to Contractor,No,,,Unisys,3: Tier III,1.6,34000,No,,39298.34,0,24989.9,0.1,0,0,12,18.61,0,2,4,3,3,0,0,12,24,34,40,54,30,55.56,,1,2014,FDCCI-DC-2669,Sue Jane 
Non-Core,,,,,5,,,616,< 5000 sq.ft.,,No,7: Outsourcing to other agency,No,,,PBS,3: Tier III,1,20000,No,,51991.4,,48021.9,0.08,0,0,22,28,0,0,15,2,15,0,0,19,51,92,132,95,64,67.37,,1,2014,FDCCI-DC-22676,Sue Jane 
Non-Core,,,,,0,,,150,< 250 sq.ft.,935.6,Yes,6: Outsourcing to Contractor,No,,,Terremark,3: Tier III,0.5,10000,No,,20512.6,,25878.1,0.08,0,0,4,37.5,0,0,14,2,1,0,3,3,23,19,34,32.77,27,82.39,,1,2014,FDCCI-DC-22615,Sue Jane 
Non-Core,,,,,1,,,400,< 500 sq.ft.,643.05,Yes,5a: Non-Government Collocation,No,,,Vazata,3: Tier III,5,100000,No,,46419.5,,49092.1,0.08,0,0,9,44.44,0,0,34,1,7,0,0,8,50,54,100,47.69,43,90.17,,1,2014,FDCCI-DC-22614,Sue Jane 
Non-Core,,,,,3,,,736,< 5000 sq.ft.,12,No,6: Outsourcing to Contractor,No,,,CenturyLink,3: Tier III,1,18750,No,,26268.4,,32130.9,0.05,0,0,34,21.65,0,0,10,5,4,0,1,13,33,59,69,149,89,59.73,,1,2014,FDCCI-DC-14520,Sue Jane 
Non-Core,,,,,0,,,400,< 500 sq.ft.,583,No,6: Outsourcing to Contractor,No,,,CenturyLink CyberCenters,3: Tier III,20,400000,No,,45910.4,0,62198.91,0.08,0,0,37,10.81,0,0,13,7,18,6,1,18,63,73,90,149,89,59.73,,1,2014,FDCCI-DC-2782,Steve Johnson 
Non-Core,,,,,1,0,,335,< 500 sq.ft.,12,No,6: Outsourcing to Contractor,No,,,Unisys,3: Tier III,6,123750,Yes,,55299.45,0,52004.3,0.1,0,0,19,18.61,0,1,13,4,0,0,1,39,58,17,30,67,42,62.69,,1,2014,FDCCI-DC-947,Steve Johnson 
Non-Core,,,,,0,0,,180,< 250 sq.ft.,42,No,6: Outsourcing to Contractor,No,,,Unisys,3: Tier III,2.1,44625,No,,37548.34,0,23103.01,0.1,0,0,12,18.61,0,2,5,3,1,0,0,19,28,24,34,54,40,74.07,,1,2015,FDCCI-DC-2669,Sue Jane 
Non-Core,,,,,1,,,616,< 5000 sq.ft.,,No,7: Outsourcing to other agency,No,,,PBS,3: Tier III,1.9,38000,No,,50241.4,,50492.3,0.08,0,0,22,28,0,0,20,6,12,0,0,14,52,110,145,95,70,73.68,,1,2015,FDCCI-DC-22676,Sue Jane 
Non-Core,,,,,3,,,150,< 250 sq.ft.,935.6,Yes,6: Outsourcing to Contractor,No,,,Terremark,3: Tier III,0.45,9000,No,,18762.6,,19082.1,0.08,0,0,4,37.5,0,0,11,1,1,0,1,3,17,8,24,32.77,29.5,90.02,,1,2015,FDCCI-DC-22615,Sue Jane 
Non-Core,,,,,0,,,400,< 500 sq.ft.,643.05,Yes,5a: Non-Government Collocation,No,,,Vazata,3: Tier III,4.2,84000,No,,44669.5,,42198.91,0.08,0,0,9,44.44,0,0,29,1,8,0,0,9,47,60,97,47.69,44.08,92.43,,1,2015,FDCCI-DC-22614,Sue Jane 
Non-Core,,,,,2,,,736,< 5000 sq.ft.,12,No,6: Outsourcing to Contractor,No,,,CenturyLink,3: Tier III,2.2,41250,No,,24518.4,,24893.4,0.05,0,0,34,21.65,0,0,8,3,6,0,0,12,29,50,64,149,85,57.05,,1,2015,FDCCI-DC-14520,Sue Jane 
Non-Core,,,,,4,,,400,< 500 sq.ft.,583,No,6: Outsourcing to Contractor,No,,,CenturyLink CyberCenters,3: Tier III,35,700000,No,,44160.4,0,44829.87,0.08,0,0,37,10.81,0,0,8,2,15,4,1,13,43,66,88,149,96,64.43,,1,2015,FDCCI-DC-2782,Steve Johnson 
Non-Core,,,,,3,0,,335,< 500 sq.ft.,49,No,6: Outsourcing to Contractor,No,,,Unisys,3: Tier III,6.5,134062.5,Yes,,53549.45,0,41298.8,0.1,0,0,18,18.61,0,1,7,2,1,0,0,30,41,26,38,67,48,71.64,,1,2015,FDCCI-DC-947,Steve Johnson 
Non-Core,,,,,2,0,,180,< 250 sq.ft.,42,No,6: Outsourcing to Contractor,No,,,Unisys,3: Tier III,2.1,44625,No,,39148.34,0,23018.7,0.1,0,0,12,18.61,0,2,3,3,3,0,0,11,22,32,40,54,32,59.26,,2,2014,FDCCI-DC-2669,Sue Jane 
Non-Core,,,,,4,,,616,< 5000 sq.ft.,,No,7: Outsourcing to other agency,No,,,PBS,3: Tier III,0.89,17800,No,,51841.4,,43116.89,0.08,0,0,22,28,0,0,13,2,13,0,0,19,47,95,134,95,66,69.47,,2,2014,FDCCI-DC-22676,Sue Jane 
Non-Core,,,,,2,,,150,< 250 sq.ft.,935.6,Yes,6: Outsourcing to Contractor,No,,,Terremark,3: Tier III,0.8,16000,No,,20362.6,,24019.8,0.08,0,0,4,37.5,0,0,15,2,0,0,2,3,22,20,36,32.77,25,76.29,,2,2014,FDCCI-DC-22615,Sue Jane 
Non-Core,,,,,4,,,400,< 500 sq.ft.,643.05,Yes,5a: Non-Government Collocation,No,,,Vazata,3: Tier III,5.65,113000,No,,46269.5,,44761.7,0.08,0,0,9,44.44,0,0,31,1,6,0,0,8,46,50,102,47.69,44,92.26,,2,2014,FDCCI-DC-22614,Sue Jane 
Non-Core,,,,,3,,,736,< 5000 sq.ft.,12,No,6: Outsourcing to Contractor,No,,,CenturyLink,3: Tier III,1.78,33375,No,,26118.4,,30187.12,0.05,0,0,34,21.65,0,0,13,3,5,0,0,19,40,60,71,149,95,63.76,,2,2014,FDCCI-DC-14520,Sue Jane 
Non-Core,,,,,1,,,400,< 500 sq.ft.,583,No,6: Outsourcing to Contractor,No,,,CenturyLink CyberCenters,3: Tier III,21,420000,No,,45760.4,0,58189.2,0.08,0,0,37,10.81,0,0,12,7,18,6,1,28,72,75,92,149,92,61.74,,2,2014,FDCCI-DC-2782,Steve Johnson 
Non-Core,,,,,2,0,,335,< 500 sq.ft.,37,No,6: Outsourcing to Contractor,No,,,Unisys,3: Tier III,6.9,142312.5,Yes,,55149.45,0,49998.2,0.1,0,0,19,18.61,0,1,13,3,0,0,0,43,60,18,35,67,45,67.16,,2,2014,FDCCI-DC-947,Steve Johnson 
Non-Core,,,,,0,0,,180,< 250 sq.ft.,42,No,6: Outsourcing to Contractor,No,,,Unisys,3: Tier III,2,42500,No,,37298.34,0,23301.2,0.1,0,0,11,18.61,0,2,6,2,1,0,0,22,32,22,32,54,45,83.33,,2,2015,FDCCI-DC-2669,Sue Jane 
Non-Core,,,,,15,,,616,< 5000 sq.ft.,,No,7: Outsourcing to other agency,No,,,PBS,3: Tier III,2,40000,No,,49991.4,,49721.45,0.08,0,0,22,28,0,0,21,6,11,0,0,13,51,115,153,95,73,77.12,,2,2015,FDCCI-DC-22676,Sue Jane 
Non-Core,,,,,,,,150,< 250 sq.ft.,935.6,Yes,6: Outsourcing to Contractor,No,,,Terremark,3: Tier III,0.08,1600,No,,18512.6,,16983.4,0.08,0,0,4,37.5,0,0,10,0,1,0,0,3,14,6,17,32.77,31.13,95.21,,2,2015,FDCCI-DC-22615,Sue Jane 
Non-Core,,,,,,,,400,< 500 sq.ft.,643.05,Yes,5a: Non-Government Collocation,No,,,Vazata,3: Tier III,3.92,78400,No,,44419.5,,41123.56,0.08,0,0,9,44.44,0,0,28,0,9,0,0,9,46,62,99,47.69,45.03,94.32,,2,2015,FDCCI-DC-22614,Sue Jane 
Non-Core,,,,,8,,,736,< 5000 sq.ft.,12,No,6: Outsourcing to Contractor,No,,,CenturyLink,3: Tier III,2,37500,No,,24268.4,,20183.4,0.05,0,0,34,21.65,0,0,8,2,5,0,0,11,26,48,63,149,77,52.32,,2,2015,FDCCI-DC-14520,Sue Jane 
Non-Core,,,,,16,,,400,< 500 sq.ft.,583,No,6: Outsourcing to Contractor,No,,,CenturyLink CyberCenters,3: Tier III,40,800000,No,,43910.4,0,39912.34,0.08,0,0,37,10.81,0,0,7,2,14,3,0,11,37,64,87,149,99,66.54,,2,2015,FDCCI-DC-2782,Steve Johnson 
Non-Core,,,,,0,0,,335,< 500 sq.ft.,10,No,6: Outsourcing to Contractor,No,,,Unisys,3: Tier III,6,123750,Yes,,53299.45,0,38741.45,0.1,0,0,11,18.61,0,1,5,1,1,0,0,28,36,28,36,67,51,76.34,,2,2015,FDCCI-DC-947,Steve Johnson 
Non-Core,,,,,1,0,,180,< 250 sq.ft.,42,No,6: Outsourcing to Contractor,No,,,Unisys,3: Tier III,2.5,53125,No,,38548.34,0,24651.93,0.1,0,0,12,18.61,0,2,5,3,2,0,0,15,28,27,37,54,34,62.96,,3,2014,FDCCI-DC-2669,Sue Jane 
Non-Core,,,,,3,,,616,< 5000 sq.ft.,,No,7: Outsourcing to other agency,No,,,PBS,3: Tier III,0.75,15000,No,,51241.4,,47871.93,0.08,0,0,22,28,0,0,17,4,13,0,0,16,50,107,137,95,68,71.58,,3,2014,FDCCI-DC-22676,Sue Jane 
Non-Core,,,,,2,,,150,< 250 sq.ft.,935.6,Yes,6: Outsourcing to Contractor,No,,,Terremark,3: Tier III,1.2,24000,No,,19762.6,,22310.9,0.08,0,0,4,37.5,0,0,14,2,0,0,1,3,20,12,30,32.77,27.5,83.92,,3,2014,FDCCI-DC-22615,Sue Jane 
Non-Core,,,,,1,,,400,< 500 sq.ft.,643.05,Yes,5a: Non-Government Collocation,No,,,Vazata,3: Tier III,6,120000,No,,45669.5,,43109.8,0.08,0,0,9,44.44,0,0,30,1,7,0,0,8,46,54,100,47.69,43.3,91.79,,3,2014,FDCCI-DC-22614,Sue Jane 
Non-Core,,,,,2,,,736,< 5000 sq.ft.,12,No,6: Outsourcing to Contractor,No,,,CenturyLink,3: Tier III,2,37500,No,,25518.4,,31771.83,0.05,0,0,34,21.65,0,0,11,3,7,0,0,13,34,55,65,149,91,61.07,,3,2014,FDCCI-DC-14520,Sue Jane 
Non-Core,,,,,5,,,400,< 500 sq.ft.,583,No,6: Outsourcing to Contractor,No,,,CenturyLink CyberCenters,3: Tier III,24,480000,No,,45160.4,0,55187.2,0.08,0,0,37,10.81,0,0,10,5,17,6,1,18,57,71,90,149,93,62.42,,3,2014,FDCCI-DC-2782,Steve Johnson 
Non-Core,,,,,7,0,,335,< 500 sq.ft.,87,No,6: Outsourcing to Contractor,No,,,Unisys,3: Tier III,7.5,154687.5,Yes,,54549.45,0,45179.89,0.1,0,0,10,18.61,0,1,10,3,0,0,0,35,49,24,39,67,46,68.66,,3,2014,FDCCI-DC-947,Steve Johnson 
Non-Core,,,,,4,0,,180,< 250 sq.ft.,42,No,6: Outsourcing to Contractor,No,,,Unisys,3: Tier III,2.2,46750,No,,37198.34,0,34178.01,0.1,0,0,12,18.61,0,2,12,1,8,0,0,19,42,19,42,54,45,83.33,,3,2015,FDCCI-DC-2669,Sue Jane 
Non-Core,,,,,3,,,616,< 5000 sq.ft.,,No,7: Outsourcing to other agency,No,,,PBS,3: Tier III,1.8,36000,No,,49891.4,,43101.45,0.08,0,0,22,28,0,0,21,5,9,0,0,7,42,93,128,95,66,69.12,,3,2015,FDCCI-DC-22676,Sue Jane 
Non-Core,,,,,0,,,150,< 250 sq.ft.,935.6,Yes,6: Outsourcing to Contractor,No,,,Terremark,3: Tier III,0.1,2000,No,,18412.6,,16426.5,0.08,0,0,4,37.5,0,0,10,0,1,0,0,3,14,6,17,32.77,31.13,95,,3,2015,FDCCI-DC-22615,Sue Jane 
Non-Core,,,,,0,,,400,< 500 sq.ft.,643.05,Yes,5a: Non-Government Collocation,No,,,Vazata,3: Tier III,4,80000,No,,44319.5,,41312.5,0.08,0,0,9,44.44,0,0,28,0,9,0,0,9,46,62,99,47.69,45.03,94,,3,2015,FDCCI-DC-22614,Sue Jane 
Non-Core,,,,,7,,,736,< 5000 sq.ft.,12,No,6: Outsourcing to Contractor,No,,,CenturyLink,3: Tier III,2.5,46875,No,,24168.4,,19721.4,0.05,0,0,34,21.65,0,0,8,3,5,0,0,4,20,37,53,149,80,54.12,,3,2015,FDCCI-DC-14520,Sue Jane 
Non-Core,,,,,4,,,400,< 500 sq.ft.,583,No,6: Outsourcing to Contractor,No,,,CenturyLink CyberCenters,3: Tier III,43,860000,No,,43810.4,0,38918.5,0.08,0,0,37,10.81,0,0,7,3,14,3,0,7,34,49,76,149,101,68.12,,3,2015,FDCCI-DC-2782,Steve Johnson 
Non-Core,,,,,4,0,,335,< 500 sq.ft.,37,No,6: Outsourcing to Contractor,No,,,Unisys,3: Tier III,14,288750,Yes,,53199.45,0,48981.4,0.1,0,0,10,18.61,0,1,10,1,5,0,0,23,40,23,40,67,51,76.15,,3,2015,FDCCI-DC-947,Steve Johnson 
Non-Core,,,,,1,0,,180,< 250 sq.ft.,42,No,6: Outsourcing to Contractor,No,,,Unisys,3: Tier III,2.2,46750,No,,38048.34,0,23180.9,0.1,0,0,11,18.61,0,2,5,3,1,0,0,17,28,26,36,54,34,62.96,,4,2014,FDCCI-DC-2669,Sue Jane 
Non-Core,,,,,2,,,616,< 5000 sq.ft.,,No,7: Outsourcing to other agency,No,,,PBS,3: Tier III,1.8,36000,No,,50741.4,,49718.81,0.08,0,0,22,28,0,0,19,5,12,0,0,15,51,108,140,95,68,71.58,,4,2014,FDCCI-DC-22676,Sue Jane 
Non-Core,,,,,3,,,150,< 250 sq.ft.,935.6,Yes,6: Outsourcing to Contractor,No,,,Terremark,3: Tier III,0.73,14600,No,,19262.6,,20873.7,0.08,0,0,4,37.5,0,0,12,1,1,0,1,3,18,10,27,32.77,27.5,83.92,,4,2014,FDCCI-DC-22615,Sue Jane 
Non-Core,,,,,1,,,400,< 500 sq.ft.,643.05,Yes,5a: Non-Government Collocation,No,,,Vazata,3: Tier III,4.6,92000,No,,45169.5,,43109.8,0.08,0,0,9,44.44,0,0,29,1,8,0,0,8,46,55,102,47.69,43.3,90.79,,4,2014,FDCCI-DC-22614,Sue Jane 
Non-Core,,,,,3,,,736,< 5000 sq.ft.,12,No,6: Outsourcing to Contractor,No,,,CenturyLink,3: Tier III,2.4,45000,No,,25018.4,,27575.9,0.05,0,0,34,21.65,0,0,10,3,6,0,0,12,31,54,66,149,91,61.07,,4,2014,FDCCI-DC-14520,Sue Jane 
Non-Core,,,,,10,,,400,< 500 sq.ft.,583,No,6: Outsourcing to Contractor,No,,,CenturyLink CyberCenters,3: Tier III,32,640000,No,,44660.4,0,46910.8,0.08,0,0,37,10.81,0,0,8,4,15,4,1,15,47,70,90,149,93,62.42,,4,2014,FDCCI-DC-2782,Steve Johnson 
Non-Core,,,,,6,0,,335,< 500 sq.ft.,98,No,6: Outsourcing to Contractor,No,,,Unisys,3: Tier III,7,144375,Yes,,54049.45,0,42198.8,0.1,0,0,16,18.61,0,1,7,3,1,0,0,32,44,24,39,67,46,68.66,,4,2014,FDCCI-DC-947,Steve Johnson 
Non-Core,,,,,4,,,1200,< 5000 sq.ft.,,No,2: GSA Owned,No,,,,1: Tier I,2.4,54000,No,,3234.2,,894.5,0.12,0,0,33,36.36,0,0,15,5,0,0,25,28,73,490,538,165.065,98.45,59.64,,1,2014,FDCCI-DC-22193,Steve Johnson 
Non-Core,,,,,6,,,2400,< 5000 sq.ft.,12,No,2: GSA Owned,No,,,,2: Tier II,6.5,146250,No,,2101.67,0,1.4,0.12,0,0,44,54.55,0,0,27,4,1,0,23,9,64,49,89,51.155,35.45,69.3,,1,2014,FDCCI-DC-2512,Steve Johnson 
Non-Core,,,,,1,,,960,< 5000 sq.ft.,12,No,2: GSA Owned,No,,,,2: Tier II,1.9,52250,No,66,2101.92,3.6,1.3,0.11,3.75,0,24,40,0,0,14,2,4,0,12,3,35,15,37,7.006,4.1,58.52,,1,2014,FDCCI-DC-2484,Steve Johnson 
Core,,,,,8,,,4150,< 5000 sq.ft.,145,No,7: Outsourcing to other agency,No,,,,3: Tier III,7.8,165750,Yes,1902.6,23837,1057,9959.57,0.09,254.7,2.2,85,48.82,0,0,42,72,0,0,54,24,192,670,840,396.343,243.45,61.42,,1,2014,FDCCI-DC-25091,Steve Johnson 
Non-Core,Added Facility,,,,9,,,120,< 250 sq.ft.,,No,3: Lease and retrofit,No,,,,5: Server Room / Closet,1.4,35000,No,40,2101.983,18,0.5,0.09,150,0,2,60,0,0,2,0,0,0,0,0,2,3,6,1.506,0.345,22.91,,1,2014,FDCCI-DC-5896,Steve Johnson 
Non-Core,,,,,4,,,450,< 500 sq.ft.,12,No,2: GSA Owned,No,,,,2: Tier II,0.6,12000,No,132,2162,68,35,0.1,151.11,0,8,56.25,0,0,10,0,0,0,15,4,29,25,45,18.517,9.547,51.56,,1,2014,FDCCI-DC-2498,Steve Johnson 
Non-Core,,,,,0,,,495,< 500 sq.ft.,12,No,2: GSA Owned,No,,,,2: Tier II,0.9,20250,Yes,138,2123,75,12.4,0.11,151.52,0,10,49.5,0,0,14,3,1,0,7,5,30,15,44,7.253,3.13,43.15,,1,2014,FDCCI-DC-2482,Steve Johnson 
Non-Core,Added Facility,,,,1,,,132,< 250 sq.ft.,,No,,No,,,,,0.5,10625,No,7.2,2117.6,7.2,10.45,0.07,54.55,0,1,132,0,0,5,0,0,0,0,0,5,0,3,0.205,0.13,63.41,,1,2014,FDCCI-DC-5979,Joe Smith 
Non-Core,,,,,1,,,720,< 5000 sq.ft.,12,No,2: GSA Owned,No,,,,2: Tier II,2.2,49500,No,64,2108.95,64,4.34,0.08,88.89,0,17,42.35,0,0,10,0,2,0,16,7,35,32,69,37.38,14.63,39.14,,1,2014,FDCCI-DC-2490,Joe Smith 
Non-Core,,,,,6,,,1655,< 5000 sq.ft.,12,No,3: Lease and retrofit,No,,,,2: Tier II,1.4,31500,No,512,2156.3,180,31,0.09,108.76,0,25,66.2,0,0,17,0,4,0,14,5,40,15,45,19.288,6.352,32.93,,1,2014,FDCCI-DC-2485,Joe Smith 
Non-Core,Added Facility,,,,0,,,10,< 100 sq.ft.,,No,3: Lease and retrofit,No,,,,5: Server Room / Closet,0.4,9000,No,4.8,2185.93,2.4,55.68,0.12,240,0,1,10,0,0,5,0,0,0,4,0,9,4,7,0,0,0,,1,2014,FDCCI-DC-5942,Joe Smith 
Non-Core,,,,,3,,,380,< 500 sq.ft.,12,No,2: GSA Owned,No,,,,2: Tier II,0.7,15750,No,,2104.78,65,1.45,0.11,171.05,0,8,47.5,0,0,9,0,0,0,9,6,24,4,17,13.634,9.43,69.17,,1,2014,FDCCI-DC-2511,Joe Smith 
Core,,,,,5,,,4484,< 5000 sq.ft.,12,No,2: GSA Owned,No,,,,2: Tier II,4.9,110250,Yes,570,2386739,300,1653728,0.12,66.9,1.86,71,63.15,0,0,32,60,0,0,71,45,208,297,451,320,89,27.81,,1,2014,FDCCI-DC-2496,Joe Smith 
Non-Core,,,,,4,,,1808,< 5000 sq.ft.,12,No,2: GSA Owned,No,,,,2: Tier II,2.9,62350,No,7500,2289.34,1437,145,0.09,794.8,0,28,64.57,0,0,14,4,0,3,9,4,34,15,37,32.299,17.436,53.98,,1,2014,FDCCI-DC-2489,Joe Smith 
Non-Core,Added Facility,,,,2,,,176,< 250 sq.ft.,,No,2: GSA Owned,No,,,,5: Server Room / Closet,0.4,8500,No,7.2,2272.84,7.2,99.98,0.09,40.91,0,1,176,0,0,5,0,0,0,2,0,7,1,5,0,0,0,,1,2014,FDCCI-DC-5957,Joe Smith 
Non-Core,,,,6864,1,123,0,6864,> 5000 sq.ft.,12,No,2: GSA Owned,No,,,,2: Tier II,17.45,392625,Yes,798,2439.45,778,183.6,0.07,113.34,1.74,81,84.74,0,0,4,5,0,1,7,2,19,10,16,0,0,0,,1,2014,FDCCI-DC-2494,Joe Smith 
Non-Core,,,,,3,,,,< 1000 sq ft,,,2: GSA Owned,,,,,,4.4,110000,,,2289.4,,1137.5,0.12,,,7,,0,0,17,2,0,3,10,3,35,24,44,34.12,18.64,54.63,New Site,1,2014,FDCCI-DC-2503,Joe Smith 
Non-Core,,,,,4,,,1200,< 5000 sq.ft.,,No,2: GSA Owned,No,,,,1: Tier I,2,45000,No,,1484.2,,894.5,0.12,0,0,33,36.36,0,0,8,2,0,0,16,24,50,475,523,165.065,115.43,69.93,,1,2015,FDCCI-DC-22193,Steve Johnson 
Non-Core,,,,,4,,,2400,< 5000 sq.ft.,12,No,2: GSA Owned,No,,,,2: Tier II,6.8,153000,No,,351.67,0,1.4,0.12,0,0,44,54.55,0,0,19,1,0,0,17,9,46,47,89,51.155,46.32,90.55,,1,2015,FDCCI-DC-2512,Steve Johnson 
Non-Core,,,,,4,,,960,< 5000 sq.ft.,12,No,2: GSA Owned,No,,,,2: Tier II,1.34,36850,No,66,351.92,3.6,1.3,0.11,3.75,0,24,40,0,0,6,2,0,0,12,3,23,8,25,7.006,4.35,62.09,,1,2015,FDCCI-DC-2484,Steve Johnson 
Core,,,,,10,,,4150,< 5000 sq.ft.,145,No,7: Outsourcing to other agency,No,,,,3: Tier III,6.8,144500,Yes,1902.6,22087,1057,9959.57,0.09,254.7,2.2,85,48.82,0,0,34,56,0,0,44,24,158,624,812,396.343,272.56,68.77,,1,2015,FDCCI-DC-25091,Steve Johnson 
Non-Core,Added Facility,,,,1,,,120,< 250 sq.ft.,,No,3: Lease and retrofit,No,,,,5: Server Room / Closet,1.3,32500,No,40,351.983,18,0.5,0.09,150,0,2,60,0,0,2,0,0,0,0,0,2,2,4,1.506,0.65,43.16,,1,2015,FDCCI-DC-5896,Steve Johnson 
Non-Core,,,,,2,,,450,< 500 sq.ft.,12,No,2: GSA Owned,No,,,,2: Tier II,0.43,8600,No,132,412,68,35,0.1,151.11,0,8,56.25,0,0,7,0,0,0,7,3,17,15,41,18.517,11.34,61.24,,1,2015,FDCCI-DC-2498,Steve Johnson 
Non-Core,,,,,2,,,495,< 500 sq.ft.,12,No,2: GSA Owned,No,,,,2: Tier II,0.23,5175,Yes,138,373,75,12.4,0.11,151.52,0,10,49.5,0,0,6,2,0,0,6,5,19,8,18,7.253,4.12,56.8,,1,2015,FDCCI-DC-2482,Steve Johnson 
Non-Core,Added Facility,,,,1,,,132,< 250 sq.ft.,,No,,No,,,,,0.54,11475,No,7.2,367.6,7.2,10.45,0.07,54.55,0,1,132,0,0,3,0,0,0,0,0,3,1,2,0.205,0.15,73.17,,1,2015,FDCCI-DC-5979,Joe Smith 
Non-Core,,,,,5,,,720,< 5000 sq.ft.,12,No,2: GSA Owned,No,,,,2: Tier II,1.34,30150,No,64,358.95,64,4.34,0.08,88.89,0,17,42.35,0,0,7,0,2,0,7,5,21,22,52,37.38,20.43,54.65,,1,2015,FDCCI-DC-2490,Joe Smith 
Non-Core,,,,,4,,,1655,< 5000 sq.ft.,12,No,3: Lease and retrofit,No,,,,2: Tier II,1.6,36000,No,512,406.3,180,31,0.09,108.76,0,25,66.2,0,0,10,0,2,0,8,2,22,5,19,19.288,8.32,43.14,,1,2015,FDCCI-DC-2485,Joe Smith 
Non-Core,Added Facility,,,,1,,,10,< 100 sq.ft.,,No,3: Lease and retrofit,No,,,,5: Server Room / Closet,0.34,7650,No,4.8,435.93,2.4,55.68,0.12,240,0,1,10,0,0,2,0,0,0,2,0,4,2,4,0,0,0,,1,2015,FDCCI-DC-5942,Joe Smith 
Non-Core,,,,,2,,,380,< 500 sq.ft.,12,No,2: GSA Owned,No,,,,2: Tier II,0.23,5175,No,,354.78,65,1.45,0.11,171.05,0,8,47.5,0,0,6,0,0,0,6,6,18,3,9,13.634,9.89,72.54,,1,2015,FDCCI-DC-2511,Joe Smith 
Core,,,,,6,,,4484,< 5000 sq.ft.,12,No,2: GSA Owned,No,,,,2: Tier II,3.89,87525,Yes,570,2384989,300,1653728,0.12,66.9,1.86,71,63.15,0,0,26,48,0,0,61,36,171,267,473,320,119.45,37.33,,1,2015,FDCCI-DC-2496,Joe Smith 
Non-Core,,,,,4,,,1808,< 5000 sq.ft.,12,No,2: GSA Owned,No,,,,2: Tier II,2,43000,No,7500,539.34,1437,145,0.09,794.8,0,28,64.57,0,0,12,3,0,0,9,4,28,8,24,32.299,18.56,57.46,,1,2015,FDCCI-DC-2489,Joe Smith 
Non-Core,Added Facility,,,,2,,,176,< 250 sq.ft.,,No,2: GSA Owned,No,,,,5: Server Room / Closet,0.43,9137.5,No,7.2,522.84,7.2,99.98,0.09,40.91,0,1,176,0,0,2,0,0,0,2,0,4,1,3,0,0,0,,1,2015,FDCCI-DC-5957,Joe Smith 
Non-Core,,,,6864,1,,0,6864,> 5000 sq.ft.,12,No,2: GSA Owned,No,,,,2: Tier II,13.98,314550,Yes,798,689.45,778,183.6,0.07,113.34,1.74,81,84.74,0,0,3,3,0,0,4,1,11,4,8,0,0,0,,1,2015,FDCCI-DC-2494,Joe Smith 
Non-Core,,,,,3,,,,< 1000 sq ft,,,2: GSA Owned,,,,,,3.23,80750,,,539.4,,1137.5,0.12,,,7,,0,0,7,2,0,1,9,3,22,15,32,34.12,23.56,69.05,New Site,1,2015,FDCCI-DC-2503,Joe Smith 
Non-Core,,,,,5,,,1200,< 5000 sq.ft.,,No,2: GSA Owned,No,,,,1: Tier I,2.8,63000,No,,3084.2,,902.4,0.12,0,0,33,36.36,0,0,14,4,0,0,22,27,67,489,539,165.065,99.45,60.25,,2,2014,FDCCI-DC-22193,Steve Johnson 
Non-Core,,,,,4,,,2400,< 5000 sq.ft.,12,No,2: GSA Owned,No,,,,2: Tier II,7.1,159750,No,,1951.67,0,1.12,0.12,0,0,44,54.55,0,0,25,3,1,0,22,9,60,54,93,51.155,38.56,75.38,,2,2014,FDCCI-DC-2512,Steve Johnson 
Non-Core,,,,,2,,,960,< 5000 sq.ft.,12,No,2: GSA Owned,No,,,,2: Tier II,1.7,46750,No,66,1951.92,3.6,1.34,0.11,3.75,0,24,40,0,0,12,2,4,0,12,3,33,12,35,7.006,4.2,59.95,,2,2014,FDCCI-DC-2484,Steve Johnson 
Core,,,,,7,,,4150,< 5000 sq.ft.,145,No,7: Outsourcing to other agency,No,,,,3: Tier III,7.5,159375,Yes,1902.6,23687,1057,12354.7,0.09,254.7,2.2,85,48.82,0,0,41,69,0,0,51,24,185,665,835,396.343,248.4,62.67,,2,2014,FDCCI-DC-25091,Steve Johnson 
Non-Core,Added Facility,,,,0,,,120,< 250 sq.ft.,,No,3: Lease and retrofit,No,,,,5: Server Room / Closet,1.45,36250,No,40,1951.983,18,0.66,0.09,150,0,2,60,0,0,3,0,0,0,0,0,3,3,6,1.506,0.345,22.91,,2,2014,FDCCI-DC-5896,Steve Johnson 
Non-Core,,,,,4,,,450,< 500 sq.ft.,12,No,2: GSA Owned,No,,,,2: Tier II,0.54,10800,No,132,2012,68,33,0.1,151.11,0,8,56.25,0,0,8,0,0,0,13,4,25,21,42,18.517,10.23,55.25,,2,2014,FDCCI-DC-2498,Steve Johnson 
Non-Core,,,,,2,,,495,< 500 sq.ft.,12,No,2: GSA Owned,No,,,,2: Tier II,0.67,15075,Yes,138,1973,75,14.4,0.11,151.52,0,10,49.5,0,0,12,3,1,0,7,5,28,12,42,7.253,3.54,48.81,,2,2014,FDCCI-DC-2482,Steve Johnson 
Non-Core,Added Facility,,,,1,,,132,< 250 sq.ft.,,No,,No,,,,,0.45,9562.5,No,7.2,1967.6,7.2,11.32,0.07,54.55,0,1,132,0,0,4,0,0,0,0,0,4,1,4,0.205,0.14,68.29,,2,2014,FDCCI-DC-5979,Joe Smith 
Non-Core,,,,,2,,,720,< 5000 sq.ft.,12,No,2: GSA Owned,No,,,,2: Tier II,2.4,54000,No,64,1958.95,64,4.34,0.08,88.89,0,17,42.35,0,0,8,0,2,0,16,7,33,30,64,37.38,17.45,46.468,,2,2014,FDCCI-DC-2490,Joe Smith 
Non-Core,,,,,4,,,1655,< 5000 sq.ft.,12,No,3: Lease and retrofit,No,,,,2: Tier II,1.7,38250,No,512,2006.3,180,34.3,0.09,108.76,0,25,66.2,0,0,16,0,3,0,13,4,36,12,41,19.288,7.12,36.91,,2,2014,FDCCI-DC-2485,Joe Smith 
Non-Core,Added Facility,,,,1,,,10,< 100 sq.ft.,,No,3: Lease and retrofit,No,,,,5: Server Room / Closet,0.7,15750,No,4.8,2035.93,2.4,59.89,0.12,240,0,1,10,0,0,4,0,0,0,4,0,8,3,6,0,0,0,,2,2014,FDCCI-DC-5942,Joe Smith 
Non-Core,,,,,1,,,380,< 500 sq.ft.,12,No,2: GSA Owned,No,,,,2: Tier II,0.5,11250,No,,1954.78,65,1.83,0.11,171.05,0,8,47.5,0,0,8,0,0,0,9,6,23,3,15,13.634,9.563,70.14,,2,2014,FDCCI-DC-2511,Joe Smith 
Core,,,,,7,,,4484,< 5000 sq.ft.,12,No,2: GSA Owned,No,,,,2: Tier II,4.8,108000,Yes,570,2386589,300,1735202,0.12,66.9,1.86,71,63.15,0,0,30,58,0,0,69,44,201,289,447,320,94.3,29.47,,2,2014,FDCCI-DC-2496,Joe Smith 
Non-Core,,,,,4,,,1808,< 5000 sq.ft.,12,No,2: GSA Owned,No,,,,2: Tier II,2.89,62135,No,7500,2139.34,1437,132.43,0.09,794.8,0,28,64.57,0,0,14,4,0,3,9,4,34,15,37,32.299,17.436,53.98,,2,2014,FDCCI-DC-2489,Joe Smith 
Non-Core,Added Facility,,,,1,,,176,< 250 sq.ft.,,No,2: GSA Owned,No,,,,5: Server Room / Closet,0.34,7225,No,7.2,2122.84,7.2,93.45,0.09,40.91,0,1,176,0,0,4,0,0,0,2,0,6,1,4,0,0,0,,2,2014,FDCCI-DC-5957,Joe Smith 
Non-Core,,,,6864,2,,0,6864,> 5000 sq.ft.,12,No,2: GSA Owned,No,,,,2: Tier II,17.23,387675,Yes,798,2289.45,778,156.78,0.07,113.34,1.74,81,84.74,0,0,3,4,0,1,7,2,17,8,14,0,0,0,,2,2014,FDCCI-DC-2494,Joe Smith 
Non-Core,,,,,2,,,,< 1000 sq ft,,,2: GSA Owned,,,,,,4.2,105000,,,2139.4,,125.4,0.12,,,7,,0,0,16,2,0,3,9,3,33,22,46,34.12,19.45,57,New Site,2,2014,FDCCI-DC-2503,Joe Smith 
Non-Core,,,,,2,,,1200,< 5000 sq.ft.,,No,2: GSA Owned,No,,,,1: Tier I,2.1,47250,No,1189.24,1234.2,682.34,,0.12,0,0,33,36.36,0,0,7,6,0,0,19,19,51,484,516,165.065,113.259,68.61,,2,2015,FDCCI-DC-22193,Steve Johnson 
Non-Core,,,,,2,,,2400,< 5000 sq.ft.,12,No,2: GSA Owned,No,,,,2: Tier II,5.08,114300,No,,101.67,0,0.9,0.12,0,0,44,54.55,0,0,20,1,0,0,16,7,44,65,102,51.155,40.459,79.09,,2,2015,FDCCI-DC-2512,Steve Johnson 
Non-Core,,,,,3,,,960,< 5000 sq.ft.,12,No,2: GSA Owned,No,,,,2: Tier II,1.43,39325,No,66,101.92,3.6,1.19,0.11,3.75,0,24,40,0,0,11,1,0,0,9,2,23,13,34,7.006,5.911,84.37,,2,2015,FDCCI-DC-2484,Steve Johnson 
Core,,,,,1,,,4150,< 5000 sq.ft.,145,No,7: Outsourcing to other agency,No,,,,3: Tier III,7.1,150875,Yes,1902.6,21837,1057,9959.57,0.09,254.7,2.2,85,48.82,0,0,35,60,0,0,53,21,169,661,809,396.343,251.632,63.49,,2,2015,FDCCI-DC-25091,Steve Johnson 
Non-Core,,Added Facility,,,1,,,120,< 250 sq.ft.,,No,3: Lease and retrofit,No,,,,5: Server Room / Closet,0.2,5000,No,40,101.983,18,0.93,0.09,150,0,2,60,0,0,1,0,0,0,0,0,1,0,1,1.506,0.493,32.74,,2,2015,FDCCI-DC-5896,Steve Johnson 
Non-Core,,,,,0,,,450,< 500 sq.ft.,12,No,2: GSA Owned,No,,,,2: Tier II,0.15,3000,No,132,162,68,32.4,0.1,151.11,0,8,56.25,0,0,9,0,0,0,11,2,22,20,40,18.517,12.697,68.57,,2,2015,FDCCI-DC-2498,Steve Johnson 
Non-Core,,,,,5,,,495,< 500 sq.ft.,12,No,2: GSA Owned,No,,,,2: Tier II,0.66,14850,Yes,138,123,75,11.9,0.11,151.52,0,10,49.5,0,0,7,0,1,0,5,2,15,9,22,7.253,3.85,53.08,,2,2015,FDCCI-DC-2482,Steve Johnson 
Non-Core,,Added Facility,,,0,,,132,< 250 sq.ft.,,No,,No,,,,,0.04,850,No,7.2,117.6,7.2,11.04,0.07,54.55,0,1,132,0,0,3,0,0,0,0,0,3,0,3,0.205,0.129,62.93,,2,2015,FDCCI-DC-5979,Joe Smith 
Non-Core,,,,,1,,,720,< 5000 sq.ft.,12,No,2: GSA Owned,No,,,,2: Tier II,2.79,62775,No,64,108.95,64,4.61,0.08,88.89,0,17,42.35,0,0,8,0,0,0,12,5,25,32,52,37.38,19.779,52.91,,2,2015,FDCCI-DC-2490,Joe Smith 
Non-Core,,,,,0,,,1655,< 5000 sq.ft.,12,No,3: Lease and retrofit,No,,,,2: Tier II,1.39,31275,No,512,156.3,180,33,0.09,108.76,0,25,66.2,0,0,12,0,2,0,10,2,26,14,38,19.288,7.483,38.8,,2,2015,FDCCI-DC-2485,Joe Smith 
Non-Core,,Added Facility,,,1,,,10,< 100 sq.ft.,,No,3: Lease and retrofit,No,,,,5: Server Room / Closet,0.04,900,No,4.8,185.93,2.4,55.68,0.12,240,0,1,10,0,0,1,0,0,0,2,0,3,0,3,0,0,0,,2,2015,FDCCI-DC-5942,Joe Smith 
Non-Core,,,,,2,,,380,< 500 sq.ft.,12,No,2: GSA Owned,No,,,,2: Tier II,0.04,900,No,,104.78,65,1.87,0.11,171.05,0,8,47.5,0,0,7,0,0,0,7,2,16,9,23,13.634,10.578,77.59,,2,2015,FDCCI-DC-2511,Joe Smith 
Core,,,,,20,,,4484,< 5000 sq.ft.,12,No,2: GSA Owned,No,,,,2: Tier II,5.5,123750,Yes,570,2384739,300,1138486,0.12,66.9,1.86,71,63.15,0,0,28,45,0,0,62,38,173,271,406,320,125,39,,2,2015,FDCCI-DC-2496,Joe Smith 
Non-Core,4,,,,5,,,1808,< 5000 sq.ft.,12,No,2: GSA Owned,No,,,,2: Tier II,2.4,51600,No,7500,289.34,1437,125,0.09,794.8,0,28,64.57,0,0,10,2,0,0,7,2,21,10,29,32.299,24.427,75.63,,2,2015,FDCCI-DC-2489,Joe Smith 
Non-Core,,Added Facility,,,1,,,176,< 250 sq.ft.,,No,2: GSA Owned,No,,,,5: Server Room / Closet,0.18,3825,No,7.2,272.84,7.2,89.28,0.09,40.91,0,1,176,0,0,3,0,0,0,0,0,3,0,3,0,0,0,,2,2015,FDCCI-DC-5957,Joe Smith 
Non-Core,,,,6864,1,,0,6864,> 5000 sq.ft.,12,No,2: GSA Owned,No,,,,2: Tier II,15.03,338175,Yes,798,439.45,778,179.5,0.07,113.34,1.74,81,84.74,0,0,2,2,0,0,5,2,11,16,25,0,0,0,,2,2015,FDCCI-DC-2494,Joe Smith 
Non-Core,,,,,3,,,,< 1000 sq ft,,,2: GSA Owned,,,,,,2.2,55000,,1254.09,289.4,890.3,,0.12,,,7,,0,0,11,0,0,0,8,2,22,21,41,34.12,22.13,64.86,New Site,2,2015,FDCCI-DC-2503,Joe Smith 
Non-Core,,,,,6,,,1200,< 5000 sq.ft.,,No,2: GSA Owned,No,,,,1: Tier I,2.56,57600,No,,2484.2,,967.3,0.12,0,0,33,36.36,0,0,12,2,0,0,20,26,60,478,529,165.065,105.45,63.88,,3,2014,FDCCI-DC-22193,Steve Johnson 
Non-Core,,,,,4,,,2400,< 5000 sq.ft.,12,No,2: GSA Owned,No,,,,2: Tier II,7.23,162675,No,,1351.67,0,1.21,0.12,0,0,44,54.55,0,0,22,1,1,0,22,9,55,51,93,51.155,42.78,83.63,,3,2014,FDCCI-DC-2512,Steve Johnson 
Non-Core,,,,,2,,,960,< 5000 sq.ft.,12,No,2: GSA Owned,No,,,,2: Tier II,1.65,45375,No,66,1351.92,3.6,1.23,0.11,3.75,0,24,40,0,0,10,2,4,0,12,3,31,13,32,7.006,4.12,58.81,,3,2014,FDCCI-DC-2484,Steve Johnson 
Core,,,,,7,,,4150,< 5000 sq.ft.,145,No,7: Outsourcing to other agency,No,,,,3: Tier III,7.34,155975,Yes,1902.6,23087,1057,11235.4,0.09,254.7,2.2,85,48.82,0,0,38,65,0,0,51,24,178,621,824,396.343,254.4,64.19,,3,2014,FDCCI-DC-25091,Steve Johnson 
Non-Core,Added Facility,,,,1,,,120,< 250 sq.ft.,,No,3: Lease and retrofit,No,,,,5: Server Room / Closet,1.34,33500,No,40,1351.983,18,0.56,0.09,150,0,2,60,0,0,2,0,0,0,0,0,2,3,6,1.506,0.456,30.28,,3,2014,FDCCI-DC-5896,Steve Johnson 
Non-Core,,,,,3,,,450,< 500 sq.ft.,12,No,2: GSA Owned,No,,,,2: Tier II,0.45,9000,No,132,1412,68,32.56,0.1,151.11,0,8,56.25,0,0,8,0,0,0,10,4,22,21,42,18.517,10.23,55.25,,3,2014,FDCCI-DC-2498,Steve Johnson 
Non-Core,,,,,4,,,495,< 500 sq.ft.,12,No,2: GSA Owned,No,,,,2: Tier II,0.64,14400,Yes,138,1373,75,13.89,0.11,151.52,0,10,49.5,0,0,9,3,0,0,7,5,24,10,35,7.253,3.89,53.63,,3,2014,FDCCI-DC-2482,Steve Johnson 
Non-Core,Added Facility,,,,0,,,132,< 250 sq.ft.,,No,,No,,,,,0.43,9137.5,No,7.2,1367.6,7.2,11.98,0.07,54.55,0,1,132,0,0,4,0,0,0,0,0,4,1,4,0.205,0.14,68.29,,3,2014,FDCCI-DC-5979,Joe Smith 
Non-Core,,,,,3,,,720,< 5000 sq.ft.,12,No,2: GSA Owned,No,,,,2: Tier II,2.1,47250,No,64,1358.95,64,3.54,0.08,88.89,0,17,42.35,0,0,8,0,2,0,14,6,30,28,59,37.38,18.21,48.72,,3,2014,FDCCI-DC-2490,Joe Smith 
Non-Core,,,,,4,,,1655,< 5000 sq.ft.,12,No,3: Lease and retrofit,No,,,,2: Tier II,1.5,33750,No,512,1406.3,180,31.45,0.09,108.76,0,25,66.2,0,0,14,0,2,0,12,4,32,10,38,19.288,7.54,39.09,,3,2014,FDCCI-DC-2485,Joe Smith 
Non-Core,Added Facility,,,,1,,,10,< 100 sq.ft.,,No,3: Lease and retrofit,No,,,,5: Server Room / Closet,0.65,14625,No,4.8,1435.93,2.4,56.78,0.12,240,0,1,10,0,0,3,0,0,0,4,0,7,2,5,0,0,0,,3,2014,FDCCI-DC-5942,Joe Smith 
Non-Core,,,,,0,,,380,< 500 sq.ft.,12,No,2: GSA Owned,No,,,,2: Tier II,0.4,9000,No,,1354.78,65,1.78,0.11,171.05,0,8,47.5,0,0,8,0,0,0,9,6,23,3,13,13.634,9.784,71.76,,3,2014,FDCCI-DC-2511,Joe Smith 
Core,,,,,9,,,4484,< 5000 sq.ft.,12,No,2: GSA Owned,No,,,,2: Tier II,4.3,96750,Yes,570,2385989,300,1673093,0.12,66.9,1.86,71,63.15,0,0,28,55,0,0,65,40,188,291,457,320,99.8,31.19,,3,2014,FDCCI-DC-2496,Joe Smith 
Non-Core,,,,,2,,,1808,< 5000 sq.ft.,12,No,2: GSA Owned,No,,,,2: Tier II,2.56,55040,No,7500,1539.34,1437,143.45,0.09,794.8,0,28,64.57,0,0,13,3,0,3,9,4,32,12,35,32.299,18.32,56.72,,3,2014,FDCCI-DC-2489,Joe Smith 
Non-Core,Added Facility,,,,0,,,176,< 250 sq.ft.,,No,2: GSA Owned,No,,,,5: Server Room / Closet,0.45,9562.5,No,7.2,1522.84,7.2,93.82,0.09,40.91,0,1,176,0,0,4,0,0,0,2,0,6,1,4,0,0,0,,3,2014,FDCCI-DC-5957,Joe Smith 
Non-Core,,,,6864,2,,0,6864,> 5000 sq.ft.,12,No,2: GSA Owned,No,,,,2: Tier II,15.4,346500,Yes,798,1689.45,778,156.78,0.07,113.34,1.74,81,84.74,0,0,3,4,0,0,6,2,15,6,12,0,0,0,,3,2014,FDCCI-DC-2494,Joe Smith 
Non-Core,,,,,4,,,,< 1000 sq ft,,,2: GSA Owned,,,,,,3.8,95000,,,1539.4,,132.56,0.12,,,7,,0,0,14,2,0,1,9,3,29,20,42,34.12,20.54,60.2,New Site,3,2014,FDCCI-DC-2503,Joe Smith 
Non-Core,,,,,0,,,1200,< 5000 sq.ft.,,No,2: GSA Owned,No,,,,1: Tier I,2.8,63000,No,,1134.2,,902.4,0.12,0,0,33,36.36,0,0,7,6,0,0,19,19,51,484,516,165.065,113.259,68.61,,3,2015,FDCCI-DC-22193,Steve Johnson 
Non-Core,,,,,0,,,2400,< 5000 sq.ft.,12,No,2: GSA Owned,No,,,,2: Tier II,7.1,159750,No,,1.67,0,1.12,0.12,0,0,44,54.55,0,0,20,1,0,0,16,7,44,65,102,51.155,40.459,79.09,,3,2015,FDCCI-DC-2512,Steve Johnson 
Non-Core,,,,,0,,,960,< 5000 sq.ft.,12,No,2: GSA Owned,No,,,,2: Tier II,1.7,46750,No,66,1.92,3.6,1.34,0.11,3.75,0,24,40,0,0,11,1,0,0,9,2,23,13,34,7.006,5.911,84.37,,3,2015,FDCCI-DC-2484,Steve Johnson 
Core,,,,,0,,,4150,< 5000 sq.ft.,145,No,7: Outsourcing to other agency,No,,,,3: Tier III,7.5,159375,Yes,1902.6,21737,1057,12354.7,0.09,254.7,2.2,85,48.82,0,0,35,60,0,0,53,21,169,661,809,396.343,251.632,63.49,,3,2015,FDCCI-DC-25091,Steve Johnson 
Non-Core,Added Facility,,,,0,,,120,< 250 sq.ft.,,No,3: Lease and retrofit,No,,,,5: Server Room / Closet,1.45,36250,No,40,1.983,18,0.66,0.09,150,0,2,60,0,0,1,0,0,0,0,0,1,0,1,1.506,0.493,32.47,,3,2015,FDCCI-DC-5896,Steve Johnson 
Non-Core,,,,,0,,,450,< 500 sq.ft.,12,No,2: GSA Owned,No,,,,2: Tier II,0.54,10800,No,132,62,68,33,0.1,151.11,0,8,56.25,0,0,9,0,0,0,11,2,22,20,40,18.517,12.697,68.57,,3,2015,FDCCI-DC-2498,Steve Johnson 
Non-Core,,,,,0,,,495,< 500 sq.ft.,12,No,2: GSA Owned,No,,,,2: Tier II,0.67,15075,Yes,138,23,75,14.4,0.11,151.52,0,10,49.5,0,0,7,0,1,0,5,2,15,9,22,7.253,3.85,53.08,,3,2015,FDCCI-DC-2482,Steve Johnson 
Non-Core,Added Facility,,,,0,,,132,< 250 sq.ft.,,No,,No,,,,,0.45,9562.5,No,7.2,17.6,7.2,11.32,0.07,54.55,0,1,132,0,0,3,0,0,0,0,0,3,0,3,0.205,0.129,62.93,,3,2015,FDCCI-DC-5979,Joe Smith 
Non-Core,,,,,0,,,720,< 5000 sq.ft.,12,No,2: GSA Owned,No,,,,2: Tier II,2.4,54000,No,64,8.95,64,4.34,0.08,88.89,0,17,42.35,0,0,8,0,0,0,12,5,25,32,52,37.38,19.779,52.91,,3,2015,FDCCI-DC-2490,Joe Smith 
Non-Core,,,,,0,,,1655,< 5000 sq.ft.,12,No,3: Lease and retrofit,No,,,,2: Tier II,1.7,38250,No,512,56.3,180,34.3,0.09,108.76,0,25,66.2,0,0,12,0,2,0,10,2,26,14,38,19.288,7.483,38.8,,3,2015,FDCCI-DC-2485,Joe Smith 
Non-Core,Added Facility,,,,0,,,10,< 100 sq.ft.,,No,3: Lease and retrofit,No,,,,5: Server Room / Closet,0.7,15750,No,4.8,85.93,2.4,59.89,0.12,240,0,1,10,0,0,1,0,0,0,2,0,3,0,3,0,0,0,,3,2015,FDCCI-DC-5942,Joe Smith 
Non-Core,,,,,0,,,380,< 500 sq.ft.,12,No,2: GSA Owned,No,,,,2: Tier II,0.5,11250,No,,4.78,65,1.83,0.11,171.05,0,8,47.5,0,0,7,0,0,0,7,2,16,9,23,13.634,10.578,77.59,,3,2015,FDCCI-DC-2511,Joe Smith 
Core,,,,,0,,,4484,< 5000 sq.ft.,12,No,2: GSA Owned,No,,,,2: Tier II,4.8,108000,Yes,570,2384639,300,1735202,0.12,66.9,1.86,71,63.15,0,0,28,45,0,0,62,38,173,271,406,320,125,39,,3,2015,FDCCI-DC-2496,Joe Smith 
Non-Core,,,,,0,,,1808,< 5000 sq.ft.,12,No,2: GSA Owned,No,,,,2: Tier II,2.89,62135,No,7500,189.34,1437,132.43,0.09,794.8,0,28,64.57,0,0,10,2,0,0,7,2,21,10,29,32.299,24.427,75.63,,3,2015,FDCCI-DC-2489,Joe Smith 
Non-Core,Added Facility,,,,0,,,176,< 250 sq.ft.,,No,2: GSA Owned,No,,,,5: Server Room / Closet,0.34,7225,No,7.2,172.84,7.2,93.45,0.09,40.91,0,1,176,0,0,3,0,0,0,0,0,3,0,3,0,0,0,,3,2015,FDCCI-DC-5957,Joe Smith 
Non-Core,,,,6864,0,,0,6864,> 5000 sq.ft.,12,No,2: GSA Owned,No,,,,2: Tier II,17.23,387675,Yes,798,339.45,778,156.78,0.07,113.34,1.74,81,84.74,0,0,2,2,0,0,5,2,11,16,25,0,0,0,,3,2015,FDCCI-DC-2494,Joe Smith 
Non-Core,,,,,0,,,,< 1000 sq ft,,,2: GSA Owned,,,,,,4.2,105000,,,189.4,,125.4,0.12,,,7,,0,0,11,0,0,0,8,2,22,21,41,34.12,22.13,64.84,New Site,3,2015,FDCCI-DC-2503,Joe Smith 
Non-Core,,,,,6,,,1200,< 5000 sq.ft.,,No,2: GSA Owned,No,,,,1: Tier I,2.45,55125,No,,1984.2,,902.4,0.12,0,0,33,36.36,0,0,10,2,0,0,18,24,54,484,534,165.065,112.34,68.06,,4,2014,FDCCI-DC-22193,Steve Johnson 
Non-Core,,,,,3,,,2400,< 5000 sq.ft.,12,No,2: GSA Owned,No,,,,2: Tier II,7.12,160200,No,,851.67,0,1.12,0.12,0,0,44,54.55,0,0,21,1,0,0,21,9,52,45,88,51.155,45.34,88.63,,4,2014,FDCCI-DC-2512,Steve Johnson 
Non-Core,,,,,4,,,960,< 5000 sq.ft.,12,No,2: GSA Owned,No,,,,2: Tier II,1.56,42900,No,66,851.92,3.6,1.34,0.11,3.75,0,24,40,0,0,8,2,2,0,12,3,27,12,29,7.006,4.34,61.95,,4,2014,FDCCI-DC-2484,Steve Johnson 
Core,,,,,10,,,4150,< 5000 sq.ft.,145,No,7: Outsourcing to other agency,No,,,,3: Tier III,7.32,155550,Yes,1902.6,22587,1057,12354.7,0.09,254.7,2.2,85,48.82,0,0,34,61,0,0,49,24,168,634,834,396.343,265.9,67.09,,4,2014,FDCCI-DC-25091,Steve Johnson 
Non-Core,Added Facility,,,,0,,,120,< 250 sq.ft.,,No,3: Lease and retrofit,No,,,,5: Server Room / Closet,1.2,30000,No,40,851.983,18,0.66,0.09,150,0,2,60,0,0,3,0,0,0,0,0,3,3,6,1.506,0.543,36.06,,4,2014,FDCCI-DC-5896,Steve Johnson 
Non-Core,,,,,3,,,450,< 500 sq.ft.,12,No,2: GSA Owned,No,,,,2: Tier II,0.34,6800,No,132,912,68,33,0.1,151.11,0,8,56.25,0,0,8,0,0,0,8,3,19,19,43,18.517,11.34,61.24,,4,2014,FDCCI-DC-2498,Steve Johnson 
Non-Core,,,,,2,,,495,< 500 sq.ft.,12,No,2: GSA Owned,No,,,,2: Tier II,0.54,12150,Yes,138,873,75,14.4,0.11,151.52,0,10,49.5,0,0,8,2,0,0,7,5,22,8,28,7.253,3.97,54.74,,4,2014,FDCCI-DC-2482,Steve Johnson 
Non-Core,Added Facility,,,,1,,,132,< 250 sq.ft.,,No,,No,,,,,0.34,7225,No,7.2,867.6,7.2,11.32,0.07,54.55,0,1,132,0,0,3,0,0,0,0,0,3,1,3,0.205,0.17,82.93,,4,2014,FDCCI-DC-5979,Joe Smith 
Non-Core,,,,,4,,,720,< 5000 sq.ft.,12,No,2: GSA Owned,No,,,,2: Tier II,1.5,33750,No,64,858.95,64,4.34,0.08,88.89,0,17,42.35,0,0,7,0,2,0,12,5,26,26,55,37.38,19.97,53.42,,4,2014,FDCCI-DC-2490,Joe Smith 
Non-Core,,,,,4,,,1655,< 5000 sq.ft.,12,No,3: Lease and retrofit,No,,,,2: Tier II,1.8,40500,No,512,906.3,180,34.3,0.09,108.76,0,25,66.2,0,0,12,0,2,0,10,2,26,7,25,19.288,8.12,42.1,,4,2014,FDCCI-DC-2485,Joe Smith 
Non-Core,Added Facility,,,,2,,,10,< 100 sq.ft.,,No,3: Lease and retrofit,No,,,,5: Server Room / Closet,0.54,12150,No,4.8,935.93,2.4,59.89,0.12,240,0,1,10,0,0,3,0,0,0,2,0,5,2,5,0,0,0,,4,2014,FDCCI-DC-5942,Joe Smith 
Non-Core,,,,,3,,,380,< 500 sq.ft.,12,No,2: GSA Owned,No,,,,2: Tier II,0.32,7200,No,,854.78,65,1.83,0.11,171.05,0,8,47.5,0,0,7,0,0,0,7,6,20,3,12,13.634,10.12,74.23,,4,2014,FDCCI-DC-2511,Joe Smith 
Core,,,,,7,,,4484,< 5000 sq.ft.,12,No,2: GSA Owned,No,,,,2: Tier II,4.12,92700,Yes,570,2385489,300,1735202,0.12,66.9,1.86,71,63.15,0,0,26,51,0,0,64,40,181,287,475,320,106.3,33.22,,4,2014,FDCCI-DC-2496,Joe Smith 
Non-Core,,,,,0,,,1808,< 5000 sq.ft.,12,No,2: GSA Owned,No,,,,2: Tier II,2.12,45580,No,7500,1039.34,1437,132.43,0.09,794.8,0,28,64.57,0,0,13,3,0,3,9,4,32,12,35,32.299,18.32,56.72,,4,2014,FDCCI-DC-2489,Joe Smith 
Non-Core,Added Facility,,,,0,,,176,< 250 sq.ft.,,No,2: GSA Owned,No,,,,5: Server Room / Closet,0.32,6800,No,7.2,1022.84,7.2,93.45,0.09,40.91,0,1,176,0,0,4,0,0,0,2,0,6,1,4,0,0,0,,4,2014,FDCCI-DC-5957,Joe Smith 
Non-Core,,,,6864,2,,0,6864,> 5000 sq.ft.,12,No,2: GSA Owned,No,,,,2: Tier II,14.3,321750,Yes,798,1189.45,778,156.78,0.07,113.34,1.74,81,84.74,0,0,3,3,0,0,5,2,13,4,10,0,0,0,,4,2014,FDCCI-DC-2494,Joe Smith 
Non-Core,,,,,2,,,,< 1000 sq ft,,,2: GSA Owned,,,,,,3.56,89000,,,1039.4,,125.4,0.12,,,7,,0,0,10,2,0,1,9,3,25,18,38,34.12,22.54,66.06,New Site,4,2014,FDCCI-DC-2503,Joe Smith 
